Company,Ticker,Year,ESG_Score_Letter,ESG_Score_Numeric,Env_Pillar_Letter,Env_Pillar_Numeric,Social_Pillar_Letter,Social_Pillar_Numeric,Gov_Pillar_Letter,Gov_Pillar_Numeric,ROE_PBT,ROCE_PBT,ROA_PBT,ROE_NI,ROCE_NI,ROA_NI,Profit_Margin,Gross_Margin,EBITDA_Margin,EBIT_Margin,CF_Revenue,EV_EBITDA,MCap_CFO,Net_Assets_Turnover,ESG_Group
ASOS plc,ASC,2021,B-,7,B-,7,C,5,A-,10,17.13,10.09,6.14,12.42,7.51,4.45,4.53,48.89,8.37,4.9,6.75,12.25,18.03,2.07,Low
ASOS plc,ASC,2022,B-,7,B-,7,C+,6,B+,9,-3.14,-0.46,-1.06,-3.04,-0.4,-1.03,-0.81,47.92,3.36,-0.93,3.51,9.28,,2.01,Low
ASOS plc,ASC,2023,B-,7,C+,6,C+,6,A,11,-34.23,-12.75,-11.3,-25.74,-8.89,-8.5,-8.35,46.85,-1.29,-7.0,-0.57,,32.7,1.86,Low
ASOS plc,ASC,2024,B,8,C+,6,B-,7,A-,10,-72.76,-20.54,-16.7,-64.97,-17.94,-14.91,-13.04,49.92,-1.47,-11.34,-1.78,,1.9,1.87,Low
Currys plc,CURY,2021,B-,7,B+,9,C+,6,B,8,1.68,3.76,0.58,0.5,3.1,0.17,0.39,21.22,6.46,2.24,4.34,4.16,1.93,2.43,Low
Currys plc,CURY,2022,B+,9,B+,9,B-,7,B+,9,5.04,5.32,1.82,2.84,4.01,1.03,1.24,21.6,6.81,2.84,4.67,3.3,2.47,2.41,High
Currys plc,CURY,2023,A-,10,B+,9,A-,10,A,11,-23.78,-10.11,-7.69,-25.42,-11.01,-8.22,-4.73,26.49,5.64,-3.07,3.65,3.69,2.39,2.75,High
Currys plc,CURY,2024,A-,10,B,8,A-,10,A,11,1.45,3.97,0.57,7.96,8.21,3.11,0.33,27.17,5.53,1.94,5.41,3.21,1.92,2.85,High
Dunelm Group plc,DNLM,2021,B+,9,B+,9,B,8,B+,9,56.12,30.92,20.58,45.84,25.47,16.81,11.81,57.43,18.5,12.63,15.52,12.3,15.61,2.52,High
Dunelm Group plc,DNLM,2022,B,8,A-,10,B,8,B,8,119.35,47.39,28.84,96.02,38.39,23.2,13.46,56.18,18.78,13.79,15.82,5.71,6.65,3.42,Low
Dunelm Group plc,DNLM,2023,B,8,A-,10,B-,7,B,8,140.15,46.93,27.66,110.47,37.38,21.8,11.76,54.92,16.98,12.15,14.1,8.23,9.4,3.84,Low
Dunelm Group plc,DNLM,2024,B,8,B+,9,B-,7,B+,9,148.95,51.45,30.12,109.65,38.5,22.17,12.04,56.54,17.3,12.53,13.64,7.47,9.26,4.08,Low
Greggs plc,GRG,2021,A-,10,B+,9,A-,10,B+,9,-4.26,-1.09,-1.88,-4.04,-0.97,-1.78,-1.69,78.6,14.83,-0.8,14.03,16.81,53.32,1.39,High
Greggs plc,GRG,2022,A-,10,B+,9,B+,9,A-,10,33.25,21.33,15.22,26.97,17.5,12.35,9.8,69.74,17.99,10.27,15.67,9.03,9.53,2.07,High
Greggs plc,GRG,2023,B+,9,B,8,B+,9,A-,10,35.47,23.17,16.67,26.84,17.83,12.61,10.29,68.22,17.66,10.62,14.83,8.45,8.56,2.14,High
Greggs plc,GRG,2024,B+,9,B+,9,B+,9,A-,10,35.74,21.58,15.45,26.89,16.57,11.62,10.05,69.15,16.89,9.74,14.71,9.16,9.16,2.01,High
Halfords Group plc,HFD,2021,B,8,C+,6,C+,6,A,11,15.44,11.08,6.03,12.73,9.51,4.97,4.99,59.96,15.46,6.29,13.29,5.1,2.73,1.8,Low
Halfords Group plc,HFD,2022,B,8,B+,9,B-,7,A-,10,17.53,12.28,7.56,14.1,10.13,6.08,6.99,59.85,15.58,7.94,13.27,4.24,4.71,1.57,Low
Halfords Group plc,HFD,2023,B,8,B+,9,C+,6,B+,9,6.5,5.5,2.69,5.05,4.57,2.09,2.27,56.39,10.83,3.14,9.46,4.24,2.47,1.81,Low
Halfords Group plc,HFD,2024,B,8,B+,9,C+,6,A-,10,3.59,4.04,1.56,3.05,3.68,1.32,1.16,55.86,9.65,1.97,8.66,4.04,2.1,2.1,Low
J Sainsbury plc,SBRY,2021,A-,10,A,11,B+,9,B+,9,-2.45,1.4,-0.65,-3.0,1.12,-0.8,-0.56,11.8,7.01,1.6,4.71,5.1,2.18,2.16,High
J Sainsbury plc,SBRY,2022,A-,10,A+,12,B+,9,A-,10,10.14,6.9,3.17,8.04,5.86,2.52,2.84,12.67,7.87,3.79,6.33,5.13,5.75,1.77,High
J Sainsbury plc,SBRY,2023,A-,10,A,11,B+,9,A-,10,4.51,4.37,1.25,2.85,3.55,0.79,1.04,11.65,6.75,1.92,5.48,5.42,2.84,2.17,High
J Sainsbury plc,SBRY,2024,B+,9,A-,10,B,8,A-,10,4.03,4.5,1.11,2.0,3.48,0.55,0.85,12.28,5.9,1.64,4.67,5.41,2.8,2.41,High
JD Sports Fashion plc,JD.,2021,C+,6,B,8,C+,6,C,5,21.65,10.72,6.28,14.99,7.95,4.35,5.23,57.98,16.25,6.53,13.34,8.35,6.84,1.72,Low
JD Sports Fashion plc,JD.,2022,C+,6,B,8,C,5,C+,6,27.98,13.95,9.26,15.8,8.45,5.23,7.62,56.24,15.51,8.57,11.24,8.17,7.69,1.66,Low
JD Sports Fashion plc,JD.,2023,C,5,B-,7,C,5,D+,3,18.5,14.15,6.0,7.16,8.96,2.32,4.79,55.85,15.55,8.05,9.35,5.94,7.8,1.76,Low
JD Sports Fashion plc,JD.,2024,C,5,B-,7,C,5,C,5,28.27,14.99,10.08,18.79,10.49,6.7,7.67,54.89,15.53,8.67,11.96,4.45,5.14,1.75,Low
Kingfisher plc,KGF,2021,B+,9,A-,10,B+,9,B+,9,11.51,10.3,6.16,9.01,8.5,4.83,6.11,41.49,11.7,7.43,9.06,5.0,3.55,1.36,High
Kingfisher plc,KGF,2022,B,8,A-,10,B+,9,B-,7,14.86,12.51,8.15,12.44,10.73,6.83,7.62,41.53,12.64,8.67,10.35,5.04,5.81,1.43,Low
Kingfisher plc,KGF,2023,A-,10,A-,10,A-,10,A-,10,9.17,8.04,5.05,7.07,6.52,3.89,4.67,42.48,11.16,5.53,9.23,5.27,6.6,1.42,High
Kingfisher plc,KGF,2024,A-,10,A-,10,A-,10,A-,10,7.19,6.73,3.99,5.22,5.29,2.9,3.65,42.51,10.06,4.46,8.25,4.78,3.13,1.44,High
Marks and Spencer Group plc,MKS,2021,A,11,A-,10,A,11,A-,10,-9.16,0.42,-2.42,-8.66,0.6,-2.29,-2.28,31.89,9.53,-0.3,7.67,7.3,3.42,1.45,High
Marks and Spencer Group plc,MKS,2022,B+,9,B,8,A-,10,B-,7,13.42,8.57,4.15,10.51,7.37,3.25,3.57,34.97,10.43,5.09,8.14,4.97,2.25,1.55,High
Marks and Spencer Group plc,MKS,2023,B+,9,B,8,A-,10,B,8,17.75,10.66,5.23,13.56,8.9,3.99,3.98,34.86,9.64,4.25,8.42,5.06,3.19,1.87,High
Marks and Spencer Group plc,MKS,2024,B+,9,B,8,A-,10,B-,7,23.76,13.96,7.75,15.24,10.05,4.97,5.15,35.34,10.42,5.46,8.26,5.49,4.14,2.12,High
Next plc,NXT,2021,B+,9,A-,10,B+,9,B+,9,51.81,17.38,9.11,43.38,15.2,7.63,9.69,40.18,21.47,14.25,15.33,15.95,12.46,1.38,High
Next plc,NXT,2022,B+,9,A-,10,B+,9,A-,10,81.5,32.79,20.67,67.08,27.54,17.02,17.78,43.28,24.95,20.25,19.34,10.04,10.25,1.67,High
Next plc,NXT,2023,B+,9,A-,10,B+,9,A-,10,74.61,32.77,21.82,61.09,27.32,17.87,17.27,43.83,23.29,19.65,17.77,8.84,10.71,1.74,High
Next plc,NXT,2024,B+,9,A-,10,B,8,B+,9,61.98,31.72,21.5,48.96,25.58,16.98,18.1,45.93,24.59,20.19,18.69,9.07,9.63,1.61,High
Ocado Group plc,OCDO,2021,B-,7,C-,4,B-,7,B,8,-10.35,-2.69,-4.04,-13.06,-3.87,-5.09,-6.59,50.57,3.96,-4.92,0.57,,,0.69,Low
Ocado Group plc,OCDO,2022,B+,9,B,8,B+,9,B+,9,-25.89,-9.77,-10.41,-23.55,-8.69,-9.46,-18.63,55.33,-3.82,-16.78,-3.98,,,0.64,High
Ocado Group plc,OCDO,2023,B-,7,B-,7,B-,7,B-,7,-26.68,-7.97,-9.1,-20.78,-5.65,-7.09,-13.42,,0.47,-11.26,1.28,,59.88,0.78,Low
Ocado Group plc,OCDO,2024,B-,7,B,8,C+,6,B,8,-31.98,-6.83,-9.01,-28.71,-5.83,-8.09,-11.87,,1.48,-11.68,2.51,75.72,9.78,0.82,Low
Pets at Home Group plc,PETS,2021,B+,9,B-,7,A-,10,B+,9,10.89,8.87,6.23,9.26,7.74,5.3,9.3,58.24,17.56,8.34,17.13,12.4,11.38,0.81,High
Pets at Home Group plc,PETS,2022,B+,9,B-,7,A-,10,B+,9,14.17,11.25,8.41,11.86,9.59,7.04,11.19,57.38,18.64,10.82,17.18,8.58,7.28,0.91,High
Pets at Home Group plc,PETS,2023,B,8,C+,6,B+,9,B-,7,11.95,9.33,6.62,9.82,7.87,5.45,8.65,55.71,16.88,9.66,14.33,8.99,7.1,0.95,Low
Pets at Home Group plc,PETS,2024,A-,10,B,8,A-,10,A,11,10.69,9.18,6.28,8.01,7.21,4.7,7.08,47.16,15.34,8.0,12.65,7.1,5.98,1.11,High
Tesco plc,TSCO,2021,A-,10,B+,9,A,11,A-,10,8.56,6.87,2.27,49.37,23.55,13.08,1.64,16.99,6.86,3.73,12.62,6.81,28.87,2.13,High
Tesco plc,TSCO,2022,A-,10,A-,10,A,11,B,8,12.98,7.77,4.12,9.47,6.12,3.0,3.31,10.44,6.89,3.9,5.4,7.76,5.89,1.85,High
Tesco plc,TSCO,2023,A-,10,B+,9,A-,10,B+,9,8.12,5.73,2.17,6.03,4.82,1.61,1.51,10.81,6.37,2.3,5.19,6.98,5.01,2.33,High
Tesco plc,TSCO,2024,B+,9,B,8,A-,10,A-,10,20.29,11.94,5.03,10.18,7.51,2.53,3.44,11.35,6.68,4.22,4.18,6.49,5.13,2.59,High
WH Smith plc,SMWH,2021,A-,10,B,8,A,11,A,11,-63.39,-9.45,-8.59,-43.72,-5.75,-5.93,-13.09,74.72,9.37,-10.84,11.17,34.84,21.36,0.91,High
WH Smith plc,SMWH,2022,A-,10,B+,9,A+,12,B+,9,20.26,8.26,3.72,17.04,7.4,3.13,4.49,72.15,17.38,6.91,14.25,11.23,10.01,1.2,High
WH Smith plc,SMWH,2023,A-,10,B+,9,A+,12,B,8,32.35,14.09,6.67,23.24,11.29,4.79,6.09,72.16,18.54,8.63,14.28,8.4,7.65,1.63,High
WH Smith plc,SMWH,2024,A-,10,B+,9,A+,12,B+,9,20.38,11.08,4.64,12.8,8.51,2.91,4.46,75.45,15.57,7.89,10.48,8.92,6.31,1.55,High
Watches of Switzerland Group plc,WOSG,2021,C+,6,B-,7,D+,3,B-,7,25.44,12.8,7.7,20.23,10.75,6.12,7.04,20.49,16.84,9.14,13.3,13.77,10.21,1.42,Low
Watches of Switzerland Group plc,WOSG,2022,C+,6,B+,9,C-,4,B,8,34.93,18.23,12.25,27.96,15.0,9.81,10.19,20.32,17.17,11.49,13.84,13.17,14.36,1.59,Low
Watches of Switzerland Group plc,WOSG,2023,B-,7,B+,9,C+,6,B-,7,32.99,18.66,12.53,25.95,15.23,9.86,10.03,19.72,17.07,11.53,13.44,9.06,9.4,1.6,Low
Watches of Switzerland Group plc,WOSG,2024,B,8,B+,9,C+,6,B+,9,17.61,11.64,6.94,11.3,8.51,4.45,5.99,20.51,17.67,9.51,12.0,4.67,4.24,1.46,Low
